Formal Name,Website
Applecross,http://www.applecross.perth.anglican.org
Armadale,http://www.armadale.perth.anglican.org/
Balcatta-Hamersley,http://www.hamersley.perth.anglican.org
Balga-Mirrabooka,http://www.stpaulsmirrabooka.org.au
Bassendean,http://www.bassendean.perth.anglican.org
Bayswater,http://www.bayswateranglican.org
Beaconsfield,http://www.stpaulsbeaconsfield.com
Beechboro,http://beechboro.perth.anglican.org/
Belmont,http://www.belmont.perth.anglican.org
Beverley-Brookton,
Bicton-Attadale,http://www.bicton.perth.anglican.org
Bruce Rock,
Bull Creek-Leeming,http://www.bullcreek-leeming-anglican.org
Canning,http://church.canningtonanglicans.org/
Carine-Duncraig,http://www.stnicolasanglican.org
Carlisle-Rivervale,http://www.saintbarnabas.com.au
City Beach,http://www.stchristopherscitybeach.org/
Claremont,http://www.claremont.perth.anglican.org
Como-Manning,http://www.como-manning.perth.anglican.org
Cottesloe,http://www.stphilips.net.au
Dalkeith,http://www.dalkeithanglican.org.au
Darlington-Bellevue,http://www.hillsanglicans.com.au
Dianella,http://www.dianella.perth.anglican.org
East Avon,
East Perth,
East Victoria Park-Bentley,
Ellenbrook,http://www.ellenbrook.perth.anglican.org
Esperance,http://www.esperance.perth.anglican.org
Floreat Park,http://floreat.perth.anglican.org
Forrestfield-Wattle Grove,
Fremantle,http://www.fremantleanglican.com
Gingin-Chittering,http://www.toodyay-gingin-anglican.com
Gosnells,http://www.gosnells.perth.anglican.org/
Greenwood,
Guildford,http://www.stmatthewschurch.org.au/
Heathridge,http://www.heathridge.perth.anglican.org
Highgate,http://www.stalbans.org.au
Hilton,http://hilton.perth.anglican.org
Joondalup,http://www.joondalupanglican.com
Kalamunda,http://kalamunda.perth.anglican.org
Kallaroo,http://www.kallaroochurch.org.au
Karrinyup,http://www.kac.net.au
Kellerberrin,
Kelmscott,
Kensington,http://www.kensington.perth.anglican.org/
Kingsley North-Woodvale,http://kingsley.perth.anglican.org
Kwinana,http://www.allsaintskwinana.com
Lakelands,http://transfig.wordpress.com
Leederville,http://leederville.perth.anglican.org
Lesmurdie,
Lockridge-Eden Hill,http://www.lockridgechurch.org
Lynwood-Langford-Ferndale,http://www.lynwood.perth.anglican.org
Maddington,http://www.maddington.org
Malaga,
Maylands,
Melville,http://www.holycrossmelville.org
Merredin,
Midland,http://www.midland.perth.anglican.org
Moora,
Morawa-Perenjori,
Morley-Noranda,
Mosman Park,http://www.stlukemosmanpark.perth.anglican.org
Mt Hawthorn,http://www.mthawthornchurch.org
Mt Lawley,http://www.mtlawleyanglican.wordpress.com
Mt Pleasant,
Mundaring,http://www.mundaringanglicanparish.com
Murdoch-Winthrop,http://www.stbasils.perth.anglican.org
Narembeen,
Nedlands,http://www.nedlands.perth.anglican.org/
North Beach,
North Midlands,
North Perth,http://www.northperth.perth.anglican.org
Northam,
Quairading,
Quinns-Butler,
Riverton,http://standrewsriverton.weebly.com
Rockingham-Safety Bay,http://www.rsbparish.org.au
Roleystone,http://www.roleystone.perth.anglican.org
Scarborough,http://www.scarborough.perth.anglican.org
Serpentine-Jarrahdale,http://www.anglicanserpentinejarrahdale.com.au
Shenton Park,http://www.stmatthewsshentonpark.org.au
South Perth,http://www.stmarysouthperth.com
Spearwood,http://www.spearwoodchurch.org
St George's Cathedral,http://www.perthcathedral.org
Subiaco,http://www.siriol.net/StAndrew/home
Swan,http://www.swan.perth.anglican.org
Swanbourne-Mt Claremont,http://www.resurrectionswanbourne.com.au
The Goldfields,http://www.goldfields.perth.anglican.org
Thornlie-Kenwick-Huntingdale,
Toodyay-Goomalling,http://www.toodyay-gingin-anglican.com
Turquoise Coast-Dandaragan-Eneabba,
Victoria Park,http://www.vicpark.perth.anglican.org/
Wanneroo,http://spacw.org.au/
Warnbro,http://www.stbrendans.com.au
Wembley,http://www.wembley.perth.anglican.org
West Nedlands,
West Perth,
Whitfords,http://whitfords.perth.anglican.org
Willagee-Kardinya,
Willetton,https://christtheking.com.au/
Wongan Hills-Dalwallinu,http://www.wonganhills-dalwallinu.perth.anglican.org
Woodlands-Wembley Downs,
Wyalkatchem-Koorda with Dowerin,
Yanchep,
York,